{
	"meta": {
		"key": "creative-community",
		"display": "Creative Community",
		"description": "Comprehensive creative community template for artists, designers, writers, musicians, and content creators",
		"defaultLocale": "en"
	},
	"roles": [
		{
			"name": "Community Owner",
			"color": 15844367,
			"hoist": true,
			"mentionable": false,
			"perms": ["Administrator"]
		},
		{
			"name": "Admin",
			"color": 15158332,
			"hoist": true,
			"mentionable": true,
			"perms": [
				"ManageGuild",
				"ManageChannels",
				"ManageMessages",
				"KickMembers",
				"BanMembers",
				"ViewAuditLog"
			]
		},
		{
			"name": "Moderator",
			"color": 3447003,
			"hoist": true,
			"mentionable": true,
			"perms": ["ManageMessages", "MuteMembers", "DeafenMembers", "MoveMembers"]
		},
		{
			"name": "Featured Artist",
			"color": 16763904,
			"hoist": true,
			"mentionable": true,
			"perms": ["AttachFiles", "EmbedLinks"]
		},
		{
			"name": "Professional Artist",
			"color": 10181046,
			"hoist": true,
			"mentionable": true,
			"perms": ["AttachFiles", "EmbedLinks"]
		},
		{
			"name": "Digital Artist",
			"color": 3066993,
			"hoist": false,
			"mentionable": true,
			"perms": []
		},
		{
			"name": "Traditional Artist",
			"color": 12745742,
			"hoist": false,
			"mentionable": true,
			"perms": []
		},
		{
			"name": "Photographer",
			"color": 10181046,
			"hoist": false,
			"mentionable": true,
			"perms": []
		},
		{
			"name": "Graphic Designer",
			"color": 3447003,
			"hoist": false,
			"mentionable": true,
			"perms": []
		},
		{
			"name": "UI/UX Designer",
			"color": 6323595,
			"hoist": false,
			"mentionable": true,
			"perms": []
		},
		{
			"name": "Writer",
			"color": 11342935,
			"hoist": false,
			"mentionable": true,
			"perms": []
		},
		{
			"name": "Poet",
			"color": 10181046,
			"hoist": false,
			"mentionable": true,
			"perms": []
		},
		{
			"name": "Musician",
			"color": 15105570,
			"hoist": false,
			"mentionable": true,
			"perms": []
		},
		{
			"name": "Composer",
			"color": 10181046,
			"hoist": false,
			"mentionable": true,
			"perms": []
		},
		{
			"name": "Singer",
			"color": 15105570,
			"hoist": false,
			"mentionable": true,
			"perms": []
		},
		{
			"name": "Instrumentalist",
			"color": 15105570,
			"hoist": false,
			"mentionable": true,
			"perms": []
		},
		{
			"name": "Content Creator",
			"color": 16753920,
			"hoist": false,
			"mentionable": true,
			"perms": []
		},
		{
			"name": "YouTuber",
			"color": 15105570,
			"hoist": false,
			"mentionable": true,
			"perms": []
		},
		{
			"name": "Streamer",
			"color": 15105570,
			"hoist": false,
			"mentionable": true,
			"perms": []
		},
		{
			"name": "Animator",
			"color": 10181046,
			"hoist": false,
			"mentionable": true,
			"perms": []
		},
		{
			"name": "Video Editor",
			"color": 3447003,
			"hoist": false,
			"mentionable": true,
			"perms": []
		},
		{
			"name": "3D Artist",
			"color": 3066993,
			"hoist": false,
			"mentionable": true,
			"perms": []
		},
		{
			"name": "Craft Artist",
			"color": 12745742,
			"hoist": false,
			"mentionable": true,
			"perms": []
		},
		{
			"name": "Art Collector",
			"color": 8359053,
			"hoist": false,
			"mentionable": true,
			"perms": []
		},
		{
			"name": "Art Enthusiast",
			"color": 3447003,
			"hoist": false,
			"mentionable": true,
			"perms": []
		},
		{
			"name": "Beginner",
			"color": 8421504,
			"hoist": false,
			"mentionable": true,
			"perms": []
		},
		{
			"name": "Mentor",
			"color": 10181046,
			"hoist": true,
			"mentionable": true,
			"perms": []
		},
		{
			"name": "Commission Artist",
			"color": 16763904,
			"hoist": false,
			"mentionable": true,
			"perms": []
		},
		{
			"name": "Bot",
			"color": 9807270,
			"hoist": false,
			"mentionable": false,
			"perms": ["ManageMessages", "EmbedLinks", "AttachFiles"]
		}
	],
	"categories": [
		{
			"name": "📢 WELCOME & INFO",
			"channels": [
				{
					"name": "👋┃welcome",
					"type": "text",
					"topic": "Welcome new members and community guidelines",
					"pin": [
						{
							"title": "👋 Welcome to Our Creative Community!",
							"description": "Welcome to our vibrant creative community! We're excited to have you join our talented artists, designers, writers, musicians, and creators.",
							"color": 3447003,
							"thumbnail": {
								"url": "https://i.imgur.com/creative-welcome.png"
							},
							"fields": [
								{
									"name": "🎨 What We Do",
									"value": "• Share and showcase creative work\n• Collaborate on projects\n• Learn from each other\n• Support fellow creators\n• Participate in challenges and events"
								},
								{
									"name": "📜 Community Guidelines",
									"value": "• Be respectful and supportive\n• Give constructive feedback\n• Credit original work\n• Keep content appropriate\n• Follow Discord's Terms of Service"
								},
								{
									"name": "🎯 Getting Started",
									"value": "• Read #community-guidelines\n• Get your roles in #role-selection\n• Introduce yourself in #introductions\n• Share your work in appropriate channels"
								}
							],
							"footer": { "text": "Let's create amazing things together! ✨" }
						}
					]
				},
				{
					"name": "📜┃community-guidelines",
					"type": "text",
					"topic": "Detailed community guidelines and rules",
					"pin": [
						{
							"title": "📜 Community Guidelines",
							"description": "Please read and follow these guidelines to maintain a positive and supportive creative environment.",
							"color": 15158332,
							"fields": [
								{
									"name": "🤝 Respect & Support",
									"value": "• **Be Kind:** Treat all members with respect and kindness\n• **Constructive Feedback:** Provide helpful, constructive criticism\n• **Encourage Growth:** Support fellow creators in their journey\n• **No Harassment:** Bullying, trolling, or harassment will not be tolerated"
								},
								{
									"name": "🎨 Art & Content",
									"value": "• **Original Work:** Only share your own work or with proper credit\n• **Appropriate Content:** Keep content suitable for all ages\n• **No Spam:** Avoid excessive posting or self-promotion\n• **Quality Content:** Share meaningful and relevant creative work"
								},
								{
									"name": "💬 Communication",
									"value": "• **Stay On Topic:** Use channels for their intended purpose\n• **No Spam:** Avoid excessive messages or emojis\n• **Respect Privacy:** Don't share personal information\n• **Language:** Keep language appropriate and friendly"
								},
								{
									"name": "⚖️ Enforcement",
									"value": "• **Warnings:** First offense usually results in a warning\n• **Timeouts:** Temporary restrictions for repeated offenses\n• **Bans:** Permanent removal for severe violations\n• **Appeals:** Contact staff if you believe you were treated unfairly"
								}
							],
							"footer": {
								"text": "These guidelines help us maintain a positive creative community!"
							}
						}
					],
					"perms": [
						{
							"roles": ["@everyone"],
							"allow": ["ViewChannel", "ReadMessageHistory"],
							"deny": ["SendMessages"]
						},
						{ "roles": ["Admin", "Moderator"], "allow": ["SendMessages"] }
					]
				},
				{
					"name": "🎯┃role-selection",
					"type": "text",
					"topic": "Choose your creative roles and interests",
					"pin": [
						{
							"title": "🎯 Role Selection",
							"description": "Choose your creative roles to customize your experience and connect with like-minded creators!",
							"color": 15105570,
							"fields": [
								{
									"name": "🎨 Art Roles",
									"value": "• Digital Artist\n• Traditional Artist\n• Photographer\n• Graphic Designer\n• UI/UX Designer\n• 3D Artist\n• Craft Artist"
								},
								{
									"name": "✍️ Writing Roles",
									"value": "• Writer\n• Poet\n• Content Creator"
								},
								{
									"name": "🎵 Music Roles",
									"value": "• Musician\n• Composer\n• Singer\n• Instrumentalist"
								},
								{
									"name": "🎬 Content Creation",
									"value": "• YouTuber\n• Streamer\n• Animator\n• Video Editor"
								},
								{
									"name": "👥 Community Roles",
									"value": "• Art Enthusiast\n• Art Collector\n• Beginner\n• Mentor"
								}
							],
							"footer": {
								"text": "React with the emojis below to get your roles!"
							}
						}
					],
					"perms": [{ "roles": ["@everyone"], "deny": ["SendMessages"] }]
				},
				{
					"name": "👋┃introductions",
					"type": "text",
					"topic": "Introduce yourself and your creative work",
					"pin": [
						{
							"title": "👋 Introduce Yourself!",
							"description": "Welcome to our creative community! Tell us about yourself and your creative journey.",
							"color": 3447003,
							"fields": [
								{
									"name": "📝 Introduction Format",
									"value": "• **Name/Alias:** What should we call you?\n• **Creative Medium:** What do you create?\n• **Experience Level:** Beginner, intermediate, or professional?\n• **Inspiration:** What inspires your creativity?\n• **Goals:** What do you hope to achieve here?"
								},
								{
									"name": "🎨 Share Your Work",
									"value": "Feel free to share a piece of your work that represents your style!"
								},
								{
									"name": "🤝 Connect",
									"value": "Let us know how we can help you grow as a creator!"
								}
							]
						}
					],
					"rateLimitPerUser": 10
				}
			]
		},
		{
			"name": "🎨 VISUAL ARTS",
			"channels": [
				{
					"name": "🎨┃digital-art",
					"type": "text",
					"topic": "Digital artwork, illustrations, and digital paintings",
					"pin": [
						{
							"title": "🎨 Digital Art Gallery",
							"description": "Share your digital artwork, illustrations, and digital paintings with the community!",
							"color": 3066993,
							"fields": [
								{
									"name": "💻 What to Share",
									"value": "• Digital paintings\n• Illustrations\n• Concept art\n• Digital sketches\n• Character designs"
								},
								{
									"name": "📝 Guidelines",
									"value": "• Include process shots when possible\n• Mention tools and software used\n• Add context about your piece\n• Be open to constructive feedback"
								}
							]
						}
					],
					"rateLimitPerUser": 5
				},
				{
					"name": "🖼️┃traditional-art",
					"type": "text",
					"topic": "Traditional artwork, paintings, drawings, and sketches",
					"pin": [
						{
							"title": "🖼️ Traditional Art Gallery",
							"description": "Showcase your traditional artwork, paintings, drawings, and sketches!",
							"color": 12745742,
							"fields": [
								{
									"name": "🎨 What to Share",
									"value": "• Paintings (oil, watercolor, acrylic)\n• Drawings (pencil, charcoal, ink)\n• Sketches and studies\n• Mixed media pieces\n• Sculptures and 3D work"
								},
								{
									"name": "📸 Photography Tips",
									"value": "• Use good lighting\n• Avoid shadows and glare\n• Keep the camera steady\n• Show details and texture"
								}
							]
						}
					],
					"rateLimitPerUser": 5
				},
				{
					"name": "📸┃photography",
					"type": "text",
					"topic": "Photography, photo editing, and visual storytelling",
					"pin": [
						{
							"title": "📸 Photography Gallery",
							"description": "Share your photography, photo editing work, and visual stories!",
							"color": 10181046,
							"fields": [
								{
									"name": "📷 What to Share",
									"value": "• Landscape photography\n• Portrait photography\n• Street photography\n• Macro photography\n• Photo editing work"
								},
								{
									"name": "📝 Guidelines",
									"value": "• Include camera settings when helpful\n• Mention location or subject\n• Share editing techniques\n• Respect privacy and consent"
								}
							]
						}
					],
					"rateLimitPerUser": 5
				},
				{
					"name": "🎨┃graphic-design",
					"type": "text",
					"topic": "Graphic design, logos, posters, and visual identity",
					"pin": [
						{
							"title": "🎨 Graphic Design Showcase",
							"description": "Share your graphic design work, logos, posters, and visual identity projects!",
							"color": 3447003,
							"fields": [
								{
									"name": "🎯 What to Share",
									"value": "• Logo designs\n• Poster designs\n• Brand identity\n• Web design mockups\n• Print design"
								},
								{
									"name": "💡 Design Process",
									"value": "• Share your design process\n• Explain your creative decisions\n• Include client briefs when possible\n• Show before/after comparisons"
								}
							]
						}
					],
					"rateLimitPerUser": 5
				},
				{
					"name": "🎮┃ui-ux-design",
					"type": "text",
					"topic": "UI/UX design, wireframes, prototypes, and user experience",
					"pin": [
						{
							"title": "🎮 UI/UX Design Hub",
							"description": "Share your UI/UX design work, wireframes, prototypes, and user experience projects!",
							"color": 6323595,
							"fields": [
								{
									"name": "💻 What to Share",
									"value": "• App designs\n• Website designs\n• Wireframes\n• Prototypes\n• User research"
								},
								{
									"name": "📊 Design Thinking",
									"value": "• Explain your design decisions\n• Share user research insights\n• Include usability testing results\n• Show design iterations"
								}
							]
						}
					],
					"rateLimitPerUser": 5
				},
				{
					"name": "🎬┃3d-art",
					"type": "text",
					"topic": "3D art, modeling, animation, and digital sculpting",
					"pin": [
						{
							"title": "🎬 3D Art Gallery",
							"description": "Showcase your 3D art, modeling, animation, and digital sculpting work!",
							"color": 3066993,
							"fields": [
								{
									"name": "🎯 What to Share",
									"value": "• 3D models\n• Renders and visualizations\n• Animations\n• Digital sculptures\n• Game assets"
								},
								{
									"name": "🛠️ Technical Details",
									"value": "• Mention software used\n• Include render settings\n• Share modeling techniques\n• Show wireframes when helpful"
								}
							]
						}
					],
					"rateLimitPerUser": 5
				}
			]
		},
		{
			"name": "✍️ WRITING & LITERATURE",
			"channels": [
				{
					"name": "📝┃creative-writing",
					"type": "text",
					"topic": "Creative writing, stories, and fiction",
					"pin": [
						{
							"title": "📝 Creative Writing Corner",
							"description": "Share your creative writing, stories, and fiction with the community!",
							"color": 11342935,
							"fields": [
								{
									"name": "📚 What to Share",
									"value": "• Short stories\n• Novel excerpts\n• Character development\n• World-building\n• Writing prompts"
								},
								{
									"name": "📝 Guidelines",
									"value": "• Use spoiler tags for long content\n• Include content warnings when needed\n• Be open to constructive feedback\n• Respect different writing styles"
								}
							]
						}
					],
					"rateLimitPerUser": 10
				},
				{
					"name": "🎭┃poetry",
					"type": "text",
					"topic": "Poetry, spoken word, and lyrical writing",
					"pin": [
						{
							"title": "🎭 Poetry Corner",
							"description": "Share your poetry, spoken word, and lyrical writing!",
							"color": 10181046,
							"fields": [
								{
									"name": "📖 What to Share",
									"value": "• Original poems\n• Spoken word pieces\n• Song lyrics\n• Haiku and short forms\n• Poetry prompts"
								},
								{
									"name": "🎵 Performance",
									"value": "• Share audio recordings\n• Include performance notes\n• Explain your inspiration\n• Encourage others to share"
								}
							]
						}
					],
					"rateLimitPerUser": 10
				},
				{
					"name": "📰┃journalism",
					"type": "text",
					"topic": "Journalism, articles, and non-fiction writing",
					"pin": [
						{
							"title": "📰 Journalism & Articles",
							"description": "Share your journalism, articles, and non-fiction writing!",
							"color": 3447003,
							"fields": [
								{
									"name": "📄 What to Share",
									"value": "• News articles\n• Opinion pieces\n• Feature stories\n• Interviews\n• Investigative pieces"
								},
								{
									"name": "📊 Standards",
									"value": "• Fact-check your work\n• Cite sources properly\n• Maintain journalistic integrity\n• Respect privacy and consent"
								}
							]
						}
					],
					"rateLimitPerUser": 10
				},
				{
					"name": "📚┃writing-feedback",
					"type": "text",
					"topic": "Writing feedback, critiques, and peer review",
					"pin": [
						{
							"title": "📚 Writing Feedback & Critique",
							"description": "Get feedback on your writing and help others improve their work!",
							"color": 3447003,
							"fields": [
								{
									"name": "💬 How to Give Feedback",
									"value": "• Be constructive and specific\n• Focus on both strengths and areas for improvement\n• Respect the writer's voice and style\n• Ask questions to understand their intent"
								},
								{
									"name": "📝 How to Request Feedback",
									"value": "• Be specific about what kind of feedback you want\n• Include context about your piece\n• Be open to different perspectives\n• Thank those who provide feedback"
								}
							]
						}
					]
				}
			]
		},
		{
			"name": "🎵 MUSIC & AUDIO",
			"channels": [
				{
					"name": "🎵┃original-music",
					"type": "text",
					"topic": "Original music compositions and performances",
					"pin": [
						{
							"title": "🎵 Original Music Showcase",
							"description": "Share your original music compositions and performances!",
							"color": 15105570,
							"fields": [
								{
									"name": "🎶 What to Share",
									"value": "• Original compositions\n• Live performances\n• Studio recordings\n• Instrumental pieces\n• Vocal performances"
								},
								{
									"name": "📝 Guidelines",
									"value": "• Include song information (title, genre, etc.)\n• Share your creative process\n• Be open to feedback\n• Respect copyright and licensing"
								}
							]
						}
					],
					"rateLimitPerUser": 5
				},
				{
					"name": "🎤┃covers",
					"type": "text",
					"topic": "Music covers, remixes, and reinterpretations",
					"pin": [
						{
							"title": "🎤 Cover Songs & Remixes",
							"description": "Share your cover songs, remixes, and musical reinterpretations!",
							"color": 10181046,
							"fields": [
								{
									"name": "🎵 What to Share",
									"value": "• Cover songs\n• Remixes and mashups\n• Acoustic versions\n• Instrumental covers\n• Creative reinterpretations"
								},
								{
									"name": "📋 Guidelines",
									"value": "• Credit the original artist\n• Respect copyright and fair use\n• Add your own creative touch\n• Share your arrangement process"
								}
							]
						}
					],
					"rateLimitPerUser": 5
				},
				{
					"name": "🎼┃music-production",
					"type": "text",
					"topic": "Music production, mixing, mastering, and technical discussions",
					"pin": [
						{
							"title": "🎼 Music Production Hub",
							"description": "Discuss music production, mixing, mastering, and technical aspects of music creation!",
							"color": 15105570,
							"fields": [
								{
									"name": "🎛️ Topics",
									"value": "• Mixing and mastering techniques\n• Software and hardware recommendations\n• Recording tips and tricks\n• Sound design and synthesis"
								},
								{
									"name": "🛠️ Technical Support",
									"value": "• Troubleshooting audio issues\n• Equipment recommendations\n• Software tutorials\n• Workflow optimization"
								}
							]
						}
					]
				},
				{
					"name": "🎸┃collaboration",
					"type": "text",
					"topic": "Music collaboration, band formation, and joint projects",
					"pin": [
						{
							"title": "🎸 Music Collaboration",
							"description": "Find music collaborators, form bands, and work on joint projects!",
							"color": 3066993,
							"fields": [
								{
									"name": "🤝 Finding Collaborators",
									"value": "• Specify your instrument or role\n• Describe your musical style\n• Mention your availability\n• Share examples of your work"
								},
								{
									"name": "🎯 Project Types",
									"value": "• Original song collaborations\n• Cover song projects\n• Live performance groups\n• Studio recording sessions"
								}
							]
						}
					]
				}
			]
		},
		{
			"name": "🎬 CONTENT CREATION",
			"channels": [
				{
					"name": "🎥┃video-content",
					"type": "text",
					"topic": "Video content, YouTube videos, and visual storytelling",
					"pin": [
						{
							"title": "🎥 Video Content Showcase",
							"description": "Share your video content, YouTube videos, and visual storytelling!",
							"color": 15105570,
							"fields": [
								{
									"name": "📹 What to Share",
									"value": "• YouTube videos\n• Short films\n• Documentaries\n• Tutorial videos\n• Vlogs and personal content"
								},
								{
									"name": "📝 Guidelines",
									"value": "• Include video descriptions\n• Mention your creative process\n• Share behind-the-scenes content\n• Be open to feedback and suggestions"
								}
							]
						}
					],
					"rateLimitPerUser": 5
				},
				{
					"name": "🎮┃streaming",
					"type": "text",
					"topic": "Streaming content, live performances, and interactive shows",
					"pin": [
						{
							"title": "🎮 Streaming & Live Content",
							"description": "Share your streaming content, live performances, and interactive shows!",
							"color": 15105570,
							"fields": [
								{
									"name": "📺 What to Share",
									"value": "• Live streams\n• Gaming content\n• Art streams\n• Music performances\n• Educational content"
								},
								{
									"name": "🔴 Streaming Tips",
									"value": "• Equipment recommendations\n• Software setup guides\n• Engagement strategies\n• Community building"
								}
							]
						}
					],
					"rateLimitPerUser": 5
				},
				{
					"name": "🎨┃animation",
					"type": "text",
					"topic": "Animation, motion graphics, and animated content",
					"pin": [
						{
							"title": "🎨 Animation Showcase",
							"description": "Share your animation work, motion graphics, and animated content!",
							"color": 10181046,
							"fields": [
								{
									"name": "🎬 What to Share",
									"value": "• 2D animations\n• 3D animations\n• Motion graphics\n• GIFs and short loops\n• Character animations"
								},
								{
									"name": "🛠️ Technical Details",
									"value": "• Mention software used\n• Share animation techniques\n• Include process videos\n• Explain your creative choices"
								}
							]
						}
					],
					"rateLimitPerUser": 5
				},
				{
					"name": "✂️┃video-editing",
					"type": "text",
					"topic": "Video editing, post-production, and editing techniques",
					"pin": [
						{
							"title": "✂️ Video Editing Hub",
							"description": "Discuss video editing, post-production, and share editing techniques!",
							"color": 3447003,
							"fields": [
								{
									"name": "🎬 Topics",
									"value": "• Editing techniques and tips\n• Software recommendations\n• Color grading and effects\n• Audio editing and mixing"
								},
								{
									"name": "🛠️ Technical Support",
									"value": "• Troubleshooting editing issues\n• Hardware recommendations\n• Workflow optimization\n• Export settings and formats"
								}
							]
						}
					]
				}
			]
		},
		{
			"name": "💼 BUSINESS & COMMISSIONS",
			"channels": [
				{
					"name": "💰┃commissions",
					"type": "text",
					"topic": "Commission work, pricing, and business discussions",
					"pin": [
						{
							"title": "💰 Commissions & Business",
							"description": "Discuss commission work, pricing, and business aspects of creative work!",
							"color": 16763904,
							"fields": [
								{
									"name": "💼 Business Topics",
									"value": "• Pricing strategies\n• Contract templates\n• Client communication\n• Portfolio building"
								},
								{
									"name": "🎯 Commission Guidelines",
									"value": "• Set clear expectations\n• Use contracts and agreements\n• Communicate regularly with clients\n• Protect your intellectual property"
								}
							]
						}
					]
				},
				{
					"name": "📈┃portfolio-showcase",
					"type": "text",
					"topic": "Professional portfolio sharing and career development",
					"pin": [
						{
							"title": "📈 Portfolio Showcase",
							"description": "Share your professional portfolio and get feedback on career development!",
							"color": 11342935,
							"fields": [
								{
									"name": "💼 What to Share",
									"value": "• Portfolio websites\n• Resume and CV\n• Case studies\n• Client testimonials"
								},
								{
									"name": "🎯 Career Development",
									"value": "• Job search strategies\n• Networking tips\n• Interview preparation\n• Industry insights"
								}
							]
						}
					]
				},
				{
					"name": "🤝┃collaboration",
					"type": "text",
					"topic": "Creative collaborations, partnerships, and joint projects",
					"pin": [
						{
							"title": "🤝 Creative Collaboration",
							"description": "Find creative collaborators and work on joint projects!",
							"color": 3066993,
							"fields": [
								{
									"name": "🎯 Collaboration Types",
									"value": "• Art collaborations\n• Writing partnerships\n• Music collaborations\n• Video projects"
								},
								{
									"name": "📋 Guidelines",
									"value": "• Define roles and responsibilities\n• Set clear deadlines\n• Communicate regularly\n• Credit all contributors"
								}
							]
						}
					]
				}
			]
		},
		{
			"name": "🎓 LEARNING & DEVELOPMENT",
			"channels": [
				{
					"name": "📚┃tutorials",
					"type": "text",
					"topic": "Tutorials, guides, and educational content",
					"pin": [
						{
							"title": "📚 Tutorials & Learning",
							"description": "Share tutorials, guides, and educational content to help others learn!",
							"color": 3447003,
							"fields": [
								{
									"name": "📖 What to Share",
									"value": "• Step-by-step tutorials\n• Video guides\n• Written instructions\n• Resource recommendations"
								},
								{
									"name": "🎯 Learning Goals",
									"value": "• Help beginners get started\n• Share advanced techniques\n• Provide troubleshooting help\n• Encourage continuous learning"
								}
							]
						}
					]
				},
				{
					"name": "💡┃feedback-critique",
					"type": "text",
					"topic": "Art feedback, critiques, and constructive criticism",
					"pin": [
						{
							"title": "💡 Feedback & Critique",
							"description": "Get feedback on your work and help others improve through constructive criticism!",
							"color": 10181046,
							"fields": [
								{
									"name": "💬 Giving Feedback",
									"value": "• Be specific and constructive\n• Focus on both strengths and areas for improvement\n• Ask questions to understand the artist's intent\n• Respect different styles and approaches"
								},
								{
									"name": "📝 Requesting Feedback",
									"value": "• Be specific about what kind of feedback you want\n• Include context about your work\n• Be open to different perspectives\n• Thank those who provide feedback"
								}
							]
						}
					]
				},
				{
					"name": "🎨┃challenges",
					"type": "text",
					"topic": "Creative challenges, prompts, and community activities",
					"pin": [
						{
							"title": "🎨 Creative Challenges",
							"description": "Participate in creative challenges, prompts, and community activities!",
							"color": 15105570,
							"fields": [
								{
									"name": "🎯 Challenge Types",
									"value": "• Daily/weekly art prompts\n• Writing challenges\n• Music composition challenges\n• Photography themes"
								},
								{
									"name": "🏆 Participation",
									"value": "• Follow challenge guidelines\n• Share your work with the community\n• Support other participants\n• Have fun and be creative!"
								}
							]
						}
					]
				}
			]
		},
		{
			"name": "🎤 VOICE CHANNELS",
			"channels": [
				{
					"name": "💬┃general-chat",
					"type": "voice",
					"topic": "General voice chat for casual conversations"
				},
				{
					"name": "🎨┃art-sessions",
					"type": "voice",
					"topic": "Voice channel for art sessions and creative work"
				},
				{
					"name": "🎵┃music-jam",
					"type": "voice",
					"topic": "Music jamming and collaborative music creation"
				},
				{
					"name": "📝┃writing-sessions",
					"type": "voice",
					"topic": "Writing sessions and literary discussions"
				},
				{
					"name": "🎬┃content-creation",
					"type": "voice",
					"topic": "Content creation discussions and collaboration"
				},
				{
					"name": "🎓┃learning",
					"type": "voice",
					"topic": "Learning sessions, tutorials, and educational discussions"
				}
			]
		},
		{
			"name": "🛡️ MODERATION",
			"channels": [
				{
					"name": "🛡️┃mod-chat",
					"type": "text",
					"topic": "Moderation discussions and staff coordination",
					"perms": [
						{ "roles": ["@everyone"], "deny": ["ViewChannel"] },
						{
							"roles": ["Moderator", "Admin", "Community Owner"],
							"allow": ["ViewChannel", "SendMessages", "ReadMessageHistory"]
						}
					]
				},
				{
					"name": "📋┃reports",
					"type": "text",
					"topic": "Report inappropriate content, harassment, or rule violations",
					"pin": [
						{
							"title": "📋 How to Report",
							"description": "Report inappropriate content, harassment, or rule violations to our moderation team.",
							"color": 15158332,
							"fields": [
								{
									"name": "📝 Report Format",
									"value": "**User:** @username or User ID\n**Rule Violation:** Which rule was broken\n**Evidence:** Screenshots or message links\n**Description:** What happened\n**Additional Info:** Any other relevant details"
								},
								{
									"name": "⚠️ What to Report",
									"value": "• Harassment or bullying\n• Inappropriate content\n• Spam or excessive messages\n• Copyright violations\n• Other rule violations"
								}
							]
						}
					],
					"perms": [
						{ "roles": ["@everyone"], "deny": ["SendMessages"] },
						{
							"roles": ["Moderator", "Admin", "Community Owner"],
							"allow": ["SendMessages"]
						}
					]
				},
				{
					"name": "📊┃logs",
					"type": "text",
					"topic": "Bot logs, moderation actions, and system monitoring",
					"perms": [
						{ "roles": ["@everyone"], "deny": ["ViewChannel"] },
						{
							"roles": ["Moderator", "Admin", "Community Owner", "Bot"],
							"allow": [
								"ViewChannel",
								"SendMessages",
								"ReadMessageHistory",
								"AttachFiles",
								"EmbedLinks"
							]
						}
					]
				}
			]
		}
	]
}
